<?xml version="1.0" encoding="UTF-8"?>
<project-private xmlns="http://www.netbeans.org/ns/project-private/1">
    <editor-bookmarks xmlns="http://www.netbeans.org/ns/editor-bookmarks/2" lastBookmarkId="0"/>
    <open-files xmlns="http://www.netbeans.org/ns/projectui-open-files/2">
        <group>
            <file>file:/C:/Users/Alex/Documents/Documentos%20Alex/Generation/WebApplication1/web/css/TicTacToeCSS.css</file>
            <file>file:/C:/Users/Alex/Documents/Documentos%20Alex/Generation/WebApplication1/web/js/TicTacToe.js</file>
            <file>file:/C:/Users/Alex/Documents/Documentos%20Alex/Generation/WebApplication1/src/java/juegogato/Sound.java</file>
            <file>file:/C:/Users/Alex/Documents/Documentos%20Alex/Generation/WebApplication1/web/WEB-INF/jsp/index.jsp</file>
            <file>file:/C:/Users/Alex/Documents/Documentos%20Alex/Generation/WebApplication1/web/redirect.jsp</file>
        </group>
    </open-files>
</project-private>
